{"cameraMode":{"drawMode":0,"name":"Shaded","section":"Shading Mode"},"sceneLighting":false,"audioPlay":false,"sceneViewState":{"showFog":true,"showMaterialUpdate":false,"showSkybox":true,"showFlares":true,"showImageEffects":true,"showParticleSystems":true},"in2DMode":false,"pivot":{"x":-0.522873044013977,"y":0.007448329124599695,"z":4.710444927215576},"rotation":{"x":0.05941377952694893,"y":0.9244316220283508,"z":-0.16136018931865693,"w":0.3403812646865845},"size":0.8728882670402527,"orthographic":false}