{"cameraMode":{"drawMode":0,"name":"Shaded","section":"Shading Mode"},"sceneLighting":false,"audioPlay":false,"sceneViewState":{"showFog":true,"showMaterialUpdate":false,"showSkybox":true,"showFlares":true,"showImageEffects":true,"showParticleSystems":true},"in2DMode":false,"pivot":{"x":0.9061551094055176,"y":-3.3753507137298586,"z":0.0286375992000103},"rotation":{"x":0.1324172168970108,"y":-0.07604736089706421,"z":0.01018431968986988,"w":0.9882346987724304},"size":1.810770034790039,"orthographic":true}