{"cameraMode":{"drawMode":0,"name":"Shaded","section":"Shading Mode"},"sceneLighting":false,"audioPlay":false,"sceneViewState":{"showFog":true,"showMaterialUpdate":false,"showSkybox":true,"showFlares":true,"showImageEffects":true,"showParticleSystems":true},"in2DMode":false,"pivot":{"x":0.10548460483551026,"y":-2.2673633098602297,"z":0.6290701627731323},"rotation":{"x":0.033600322902202609,"y":0.8515941500663757,"z":-0.05500503256917,"w":0.5202416181564331},"size":2.032890796661377,"orthographic":true}